Workbook

Sheet Input_Data
A1: clean_product_name | B1: category | C1: product_id | D1: purchased_item_count | E1: purchased_qty_m1 | F1: purchased_qty_m2 | G1: purchased_qty_m3 | H1: purchased_qty_m4 | I1: cont_from_total | J1: stock | K1: reserved_stock | L1: available_stock
A2: Sparkling Water 330ml | B2: beverages | C2: P-1001 | D2: 5210 | E2: 520 | F2: 560 | G2: 610 | H2: 640 | I2: 0.091 | J2: 1400 | K2: 220 | L2: 1180
A3: Premium Coffee Beans 1kg | B3: beverages | C3: P-1002 | D3: 3930 | E3: 215 | F3: 201 | G3: 184 | H3: 175 | I3: 0.044 | J3: 520 | K3: 55 | L3: 465
A4: Dry Fruit Mix 200g | B4: snacks | C4: P-2001 | D4: 880 | E4: 64 | F4: 58 | G4: 52 | H4: 45 | I4: 0.021 | J4: 980 | K4: 75 | L4: 905
A5: Sea Salt Crackers | B5: snacks | C5: P-2002 | D5: 6420 | E5: 590 | F5: 615 | G5: 640 | H5: 672 | I5: 0.102 | J5: 1700 | K5: 260 | L5: 1440
A6: Aloe Vera Gel 250ml | B6: personal care | C6: P-3001 | D6: 710 | E6: 24 | F6: 21 | G6: 18 | H6: 15 | I6: 0.013 | J6: 760 | K6: 105 | L6: 655

Sheet Scoring_Model
A1: product_id | B1: clean_product_name | C1: category | D1: purchased_item_count | E1: sold_qty_last_4m | F1: avg_monthly_qty_4m | G1: Movement_Percentile | H1: Slow_Mover_Score | I1: cont_from_total | J1: Contribution_Percentile | K1: stock | L1: reserved_stock | M1: available_stock | N1: available_stock_calc | O1: stock_data_check | P1: stock_coverage_months | Q1: Stock_Pressure_Percentile | R1: Bundle_Priority_Score | S1: Movement_Band | T1: Bundle_Value_Cluster | U1: Anchor_Eligible | V1: Candidate_Eligible | W1: Suggested_Discount_% | X1: Anchor_Key | Y1: Anchor_Name
A2: =Input_Data!C2 | B2: =Input_Data!A2 | C2: =Input_Data!B2 | D2: =Input_Data!D2 | E2: =IF(A2="","",SUM(Input_Data!E2:H2)) | F2: =IF(E2="","",E2/4) | G2: =IF(E2="","",IF(COUNTA($E$2:$E$300)<=1,0,PERCENTRANK.INC($E$2:$E$300,E2))) | H2: =IF(G2="","",1-G2) | I2: =Input_Data!I2 | J2: =IF(I2="","",IF(COUNTA($I$2:$I$300)<=1,0,PERCENTRANK.INC($I$2:$I$300,I2))) | K2: =Input_Data!J2 | L2: =Input_Data!K2 | M2: =Input_Data!L2 | N2: =IF(K2="","",K2-L2) | O2: =IF(A2="","",IF(ABS(M2-N2)<=1,"OK","CHECK")) | P2: =IF(M2="","",IF(F2=0,99,M2/F2)) | Q2: =IF(P2="","",IF(COUNTA($P$2:$P$300)<=1,0,PERCENTRANK.INC($P$2:$P$300,P2))) | R2: =IF(A2="","",0.45*H2+0.35*Q2+0.20*J2) | S2: =IF(G2="","",IF(G2<=0.33,"Low Movement",IF(G2<=0.66,"Medium Movement","High Movement"))) | T2: =IF(R2="","",IF(R2>=0.67,"High Value Bundle",IF(R2>=0.34,"Medium Value Bundle","Low Value Bundle"))) | U2: =IF(A2="","",IF(AND(G2>=0.70,J2>=0.70,M2>0),"Yes","No")) | V2: =IF(A2="","",IF(AND(S2="Low Movement",M2>0,P2>=2),"Yes","No")) | W2: =IF(T2="","",MIN(0.12,IF(T2="High Value Bundle",0.05,IF(T2="Medium Value Bundle",0.07,0.10))+IF(P2>=8,0.02,0))) | X2: =IF(U2="Yes",C2&"|anchor","") | Y2: =IF(U2="Yes",B2,"")
A3: =Input_Data!C3 | B3: =Input_Data!A3 | C3: =Input_Data!B3 | D3: =Input_Data!D3 | E3: =IF(A3="","",SUM(Input_Data!E3:H3)) | F3: =IF(E3="","",E3/4) | G3: =IF(E3="","",IF(COUNTA($E$2:$E$300)<=1,0,PERCENTRANK.INC($E$2:$E$300,E3))) | H3: =IF(G3="","",1-G3) | I3: =Input_Data!I3 | J3: =IF(I3="","",IF(COUNTA($I$2:$I$300)<=1,0,PERCENTRANK.INC($I$2:$I$300,I3))) | K3: =Input_Data!J3 | L3: =Input_Data!K3 | M3: =Input_Data!L3 | N3: =IF(K3="","",K3-L3) | O3: =IF(A3="","",IF(ABS(M3-N3)<=1,"OK","CHECK")) | P3: =IF(M3="","",IF(F3=0,99,M3/F3)) | Q3: =IF(P3="","",IF(COUNTA($P$2:$P$300)<=1,0,PERCENTRANK.INC($P$2:$P$300,P3))) | R3: =IF(A3="","",0.45*H3+0.35*Q3+0.20*J3) | S3: =IF(G3="","",IF(G3<=0.33,"Low Movement",IF(G3<=0.66,"Medium Movement","High Movement"))) | T3: =IF(R3="","",IF(R3>=0.67,"High Value Bundle",IF(R3>=0.34,"Medium Value Bundle","Low Value Bundle"))) | U3: =IF(A3="","",IF(AND(G3>=0.70,J3>=0.70,M3>0),"Yes","No")) | V3: =IF(A3="","",IF(AND(S3="Low Movement",M3>0,P3>=2),"Yes","No")) | W3: =IF(T3="","",MIN(0.12,IF(T3="High Value Bundle",0.05,IF(T3="Medium Value Bundle",0.07,0.10))+IF(P3>=8,0.02,0))) | X3: =IF(U3="Yes",C3&"|anchor","") | Y3: =IF(U3="Yes",B3,"")
A4: =Input_Data!C4 | B4: =Input_Data!A4 | C4: =Input_Data!B4 | D4: =Input_Data!D4 | E4: =IF(A4="","",SUM(Input_Data!E4:H4)) | F4: =IF(E4="","",E4/4) | G4: =IF(E4="","",IF(COUNTA($E$2:$E$300)<=1,0,PERCENTRANK.INC($E$2:$E$300,E4))) | H4: =IF(G4="","",1-G4) | I4: =Input_Data!I4 | J4: =IF(I4="","",IF(COUNTA($I$2:$I$300)<=1,0,PERCENTRANK.INC($I$2:$I$300,I4))) | K4: =Input_Data!J4 | L4: =Input_Data!K4 | M4: =Input_Data!L4 | N4: =IF(K4="","",K4-L4) | O4: =IF(A4="","",IF(ABS(M4-N4)<=1,"OK","CHECK")) | P4: =IF(M4="","",IF(F4=0,99,M4/F4)) | Q4: =IF(P4="","",IF(COUNTA($P$2:$P$300)<=1,0,PERCENTRANK.INC($P$2:$P$300,P4))) | R4: =IF(A4="","",0.45*H4+0.35*Q4+0.20*J4) | S4: =IF(G4="","",IF(G4<=0.33,"Low Movement",IF(G4<=0.66,"Medium Movement","High Movement"))) | T4: =IF(R4="","",IF(R4>=0.67,"High Value Bundle",IF(R4>=0.34,"Medium Value Bundle","Low Value Bundle"))) | U4: =IF(A4="","",IF(AND(G4>=0.70,J4>=0.70,M4>0),"Yes","No")) | V4: =IF(A4="","",IF(AND(S4="Low Movement",M4>0,P4>=2),"Yes","No")) | W4: =IF(T4="","",MIN(0.12,IF(T4="High Value Bundle",0.05,IF(T4="Medium Value Bundle",0.07,0.10))+IF(P4>=8,0.02,0))) | X4: =IF(U4="Yes",C4&"|anchor","") | Y4: =IF(U4="Yes",B4,"")
A5: =Input_Data!C5 | B5: =Input_Data!A5 | C5: =Input_Data!B5 | D5: =Input_Data!D5 | E5: =IF(A5="","",SUM(Input_Data!E5:H5)) | F5: =IF(E5="","",E5/4) | G5: =IF(E5="","",IF(COUNTA($E$2:$E$300)<=1,0,PERCENTRANK.INC($E$2:$E$300,E5))) | H5: =IF(G5="","",1-G5) | I5: =Input_Data!I5 | J5: =IF(I5="","",IF(COUNTA($I$2:$I$300)<=1,0,PERCENTRANK.INC($I$2:$I$300,I5))) | K5: =Input_Data!J5 | L5: =Input_Data!K5 | M5: =Input_Data!L5 | N5: =IF(K5="","",K5-L5) | O5: =IF(A5="","",IF(ABS(M5-N5)<=1,"OK","CHECK")) | P5: =IF(M5="","",IF(F5=0,99,M5/F5)) | Q5: =IF(P5="","",IF(COUNTA($P$2:$P$300)<=1,0,PERCENTRANK.INC($P$2:$P$300,P5))) | R5: =IF(A5="","",0.45*H5+0.35*Q5+0.20*J5) | S5: =IF(G5="","",IF(G5<=0.33,"Low Movement",IF(G5<=0.66,"Medium Movement","High Movement"))) | T5: =IF(R5="","",IF(R5>=0.67,"High Value Bundle",IF(R5>=0.34,"Medium Value Bundle","Low Value Bundle"))) | U5: =IF(A5="","",IF(AND(G5>=0.70,J5>=0.70,M5>0),"Yes","No")) | V5: =IF(A5="","",IF(AND(S5="Low Movement",M5>0,P5>=2),"Yes","No")) | W5: =IF(T5="","",MIN(0.12,IF(T5="High Value Bundle",0.05,IF(T5="Medium Value Bundle",0.07,0.10))+IF(P5>=8,0.02,0))) | X5: =IF(U5="Yes",C5&"|anchor","") | Y5: =IF(U5="Yes",B5,"")
A6: =Input_Data!C6 | B6: =Input_Data!A6 | C6: =Input_Data!B6 | D6: =Input_Data!D6 | E6: =IF(A6="","",SUM(Input_Data!E6:H6)) | F6: =IF(E6="","",E6/4) | G6: =IF(E6="","",IF(COUNTA($E$2:$E$300)<=1,0,PERCENTRANK.INC($E$2:$E$300,E6))) | H6: =IF(G6="","",1-G6) | I6: =Input_Data!I6 | J6: =IF(I6="","",IF(COUNTA($I$2:$I$300)<=1,0,PERCENTRANK.INC($I$2:$I$300,I6))) | K6: =Input_Data!J6 | L6: =Input_Data!K6 | M6: =Input_Data!L6 | N6: =IF(K6="","",K6-L6) | O6: =IF(A6="","",IF(ABS(M6-N6)<=1,"OK","CHECK")) | P6: =IF(M6="","",IF(F6=0,99,M6/F6)) | Q6: =IF(P6="","",IF(COUNTA($P$2:$P$300)<=1,0,PERCENTRANK.INC($P$2:$P$300,P6))) | R6: =IF(A6="","",0.45*H6+0.35*Q6+0.20*J6) | S6: =IF(G6="","",IF(G6<=0.33,"Low Movement",IF(G6<=0.66,"Medium Movement","High Movement"))) | T6: =IF(R6="","",IF(R6>=0.67,"High Value Bundle",IF(R6>=0.34,"Medium Value Bundle","Low Value Bundle"))) | U6: =IF(A6="","",IF(AND(G6>=0.70,J6>=0.70,M6>0),"Yes","No")) | V6: =IF(A6="","",IF(AND(S6="Low Movement",M6>0,P6>=2),"Yes","No")) | W6: =IF(T6="","",MIN(0.12,IF(T6="High Value Bundle",0.05,IF(T6="Medium Value Bundle",0.07,0.10))+IF(P6>=8,0.02,0))) | X6: =IF(U6="Yes",C6&"|anchor","") | Y6: =IF(U6="Yes",B6,"")
A7: =Input_Data!C7 | B7: =Input_Data!A7 | C7: =Input_Data!B7 | D7: =Input_Data!D7 | E7: =IF(A7="","",SUM(Input_Data!E7:H7)) | F7: =IF(E7="","",E7/4) | G7: =IF(E7="","",IF(COUNTA($E$2:$E$300)<=1,0,PERCENTRANK.INC($E$2:$E$300,E7))) | H7: =IF(G7="","",1-G7) | I7: =Input_Data!I7 | J7: =IF(I7="","",IF(COUNTA($I$2:$I$300)<=1,0,PERCENTRANK.INC($I$2:$I$300,I7))) | K7: =Input_Data!J7 | L7: =Input_Data!K7 | M7: =Input_Data!L7 | N7: =IF(K7="","",K7-L7) | O7: =IF(A7="","",IF(ABS(M7-N7)<=1,"OK","CHECK")) | P7: =IF(M7="","",IF(F7=0,99,M7/F7)) | Q7: =IF(P7="","",IF(COUNTA($P$2:$P$300)<=1,0,PERCENTRANK.INC($P$2:$P$300,P7))) | R7: =IF(A7="","",0.45*H7+0.35*Q7+0.20*J7) | S7: =IF(G7="","",IF(G7<=0.33,"Low Movement",IF(G7<=0.66,"Medium Movement","High Movement"))) | T7: =IF(R7="","",IF(R7>=0.67,"High Value Bundle",IF(R7>=0.34,"Medium Value Bundle","Low Value Bundle"))) | U7: =IF(A7="","",IF(AND(G7>=0.70,J7>=0.70,M7>0),"Yes","No")) | V7: =IF(A7="","",IF(AND(S7="Low Movement",M7>0,P7>=2),"Yes","No")) | W7: =IF(T7="","",MIN(0.12,IF(T7="High Value Bundle",0.05,IF(T7="Medium Value Bundle",0.07,0.10))+IF(P7>=8,0.02,0))) | X7: =IF(U7="Yes",C7&"|anchor","") | Y7: =IF(U7="Yes",B7,"")
A8: =Input_Data!C8 | B8: =Input_Data!A8 | C8: =Input_Data!B8 | D8: =Input_Data!D8 | E8: =IF(A8="","",SUM(Input_Data!E8:H8)) | F8: =IF(E8="","",E8/4) | G8: =IF(E8="","",IF(COUNTA($E$2:$E$300)<=1,0,PERCENTRANK.INC($E$2:$E$300,E8))) | H8: =IF(G8="","",1-G8) | I8: =Input_Data!I8 | J8: =IF(I8="","",IF(COUNTA($I$2:$I$300)<=1,0,PERCENTRANK.INC($I$2:$I$300,I8))) | K8: =Input_Data!J8 | L8: =Input_Data!K8 | M8: =Input_Data!L8 | N8: =IF(K8="","",K8-L8) | O8: =IF(A8="","",IF(ABS(M8-N8)<=1,"OK","CHECK")) | P8: =IF(M8="","",IF(F8=0,99,M8/F8)) | Q8: =IF(P8="","",IF(COUNTA($P$2:$P$300)<=1,0,PERCENTRANK.INC($P$2:$P$300,P8))) | R8: =IF(A8="","",0.45*H8+0.35*Q8+0.20*J8) | S8: =IF(G8="","",IF(G8<=0.33,"Low Movement",IF(G8<=0.66,"Medium Movement","High Movement"))) | T8: =IF(R8="","",IF(R8>=0.67,"High Value Bundle",IF(R8>=0.34,"Medium Value Bundle","Low Value Bundle"))) | U8: =IF(A8="","",IF(AND(G8>=0.70,J8>=0.70,M8>0),"Yes","No")) | V8: =IF(A8="","",IF(AND(S8="Low Movement",M8>0,P8>=2),"Yes","No")) | W8: =IF(T8="","",MIN(0.12,IF(T8="High Value Bundle",0.05,IF(T8="Medium Value Bundle",0.07,0.10))+IF(P8>=8,0.02,0))) | X8: =IF(U8="Yes",C8&"|anchor","") | Y8: =IF(U8="Yes",B8,"")
A9: =Input_Data!C9 | B9: =Input_Data!A9 | C9: =Input_Data!B9 | D9: =Input_Data!D9 | E9: =IF(A9="","",SUM(Input_Data!E9:H9)) | F9: =IF(E9="","",E9/4) | G9: =IF(E9="","",IF(COUNTA($E$2:$E$300)<=1,0,PERCENTRANK.INC($E$2:$E$300,E9))) | H9: =IF(G9="","",1-G9) | I9: =Input_Data!I9 | J9: =IF(I9="","",IF(COUNTA($I$2:$I$300)<=1,0,PERCENTRANK.INC($I$2:$I$300,I9))) | K9: =Input_Data!J9 | L9: =Input_Data!K9 | M9: =Input_Data!L9 | N9: =IF(K9="","",K9-L9) | O9: =IF(A9="","",IF(ABS(M9-N9)<=1,"OK","CHECK")) | P9: =IF(M9="","",IF(F9=0,99,M9/F9)) | Q9: =IF(P9="","",IF(COUNTA($P$2:$P$300)<=1,0,PERCENTRANK.INC($P$2:$P$300,P9))) | R9: =IF(A9="","",0.45*H9+0.35*Q9+0.20*J9) | S9: =IF(G9="","",IF(G9<=0.33,"Low Movement",IF(G9<=0.66,"Medium Movement","High Movement"))) | T9: =IF(R9="","",IF(R9>=0.67,"High Value Bundle",IF(R9>=0.34,"Medium Value Bundle","Low Value Bundle"))) | U9: =IF(A9="","",IF(AND(G9>=0.70,J9>=0.70,M9>0),"Yes","No")) | V9: =IF(A9="","",IF(AND(S9="Low Movement",M9>0,P9>=2),"Yes","No")) | W9: =IF(T9="","",MIN(0.12,IF(T9="High Value Bundle",0.05,IF(T9="Medium Value Bundle",0.07,0.10))+IF(P9>=8,0.02,0))) | X9: =IF(U9="Yes",C9&"|anchor","") | Y9: =IF(U9="Yes",B9,"")
A10: =Input_Data!C10 | B10: =Input_Data!A10 | C10: =Input_Data!B10 | D10: =Input_Data!D10 | E10: =IF(A10="","",SUM(Input_Data!E10:H10)) | F10: =IF(E10="","",E10/4) | G10: =IF(E10="","",IF(COUNTA($E$2:$E$300)<=1,0,PERCENTRANK.INC($E$2:$E$300,E10))) | H10: =IF(G10="","",1-G10) | I10: =Input_Data!I10 | J10: =IF(I10="","",IF(COUNTA($I$2:$I$300)<=1,0,PERCENTRANK.INC($I$2:$I$300,I10))) | K10: =Input_Data!J10 | L10: =Input_Data!K10 | M10: =Input_Data!L10 | N10: =IF(K10="","",K10-L10) | O10: =IF(A10="","",IF(ABS(M10-N10)<=1,"OK","CHECK")) | P10: =IF(M10="","",IF(F10=0,99,M10/F10)) | Q10: =IF(P10="","",IF(COUNTA($P$2:$P$300)<=1,0,PERCENTRANK.INC($P$2:$P$300,P10))) | R10: =IF(A10="","",0.45*H10+0.35*Q10+0.20*J10) | S10: =IF(G10="","",IF(G10<=0.33,"Low Movement",IF(G10<=0.66,"Medium Movement","High Movement"))) | T10: =IF(R10="","",IF(R10>=0.67,"High Value Bundle",IF(R10>=0.34,"Medium Value Bundle","Low Value Bundle"))) | U10: =IF(A10="","",IF(AND(G10>=0.70,J10>=0.70,M10>0),"Yes","No")) | V10: =IF(A10="","",IF(AND(S10="Low Movement",M10>0,P10>=2),"Yes","No")) | W10: =IF(T10="","",MIN(0.12,IF(T10="High Value Bundle",0.05,IF(T10="Medium Value Bundle",0.07,0.10))+IF(P10>=8,0.02,0))) | X10: =IF(U10="Yes",C10&"|anchor","") | Y10: =IF(U10="Yes",B10,"")
A11: =Input_Data!C11 | B11: =Input_Data!A11 | C11: =Input_Data!B11 | D11: =Input_Data!D11 | E11: =IF(A11="","",SUM(Input_Data!E11:H11)) | F11: =IF(E11="","",E11/4) | G11: =IF(E11="","",IF(COUNTA($E$2:$E$300)<=1,0,PERCENTRANK.INC($E$2:$E$300,E11))) | H11: =IF(G11="","",1-G11) | I11: =Input_Data!I11 | J11: =IF(I11="","",IF(COUNTA($I$2:$I$300)<=1,0,PERCENTRANK.INC($I$2:$I$300,I11))) | K11: =Input_Data!J11 | L11: =Input_Data!K11 | M11: =Input_Data!L11 | N11: =IF(K11="","",K11-L11) | O11: =IF(A11="","",IF(ABS(M11-N11)<=1,"OK","CHECK")) | P11: =IF(M11="","",IF(F11=0,99,M11/F11)) | Q11: =IF(P11="","",IF(COUNTA($P$2:$P$300)<=1,0,PERCENTRANK.INC($P$2:$P$300,P11))) | R11: =IF(A11="","",0.45*H11+0.35*Q11+0.20*J11) | S11: =IF(G11="","",IF(G11<=0.33,"Low Movement",IF(G11<=0.66,"Medium Movement","High Movement"))) | T11: =IF(R11="","",IF(R11>=0.67,"High Value Bundle",IF(R11>=0.34,"Medium Value Bundle","Low Value Bundle"))) | U11: =IF(A11="","",IF(AND(G11>=0.70,J11>=0.70,M11>0),"Yes","No")) | V11: =IF(A11="","",IF(AND(S11="Low Movement",M11>0,P11>=2),"Yes","No")) | W11: =IF(T11="","",MIN(0.12,IF(T11="High Value Bundle",0.05,IF(T11="Medium Value Bundle",0.07,0.10))+IF(P11>=8,0.02,0))) | X11: =IF(U11="Yes",C11&"|anchor","") | Y11: =IF(U11="Yes",B11,"")
A12: =Input_Data!C12 | B12: =Input_Data!A12 | C12: =Input_Data!B12 | D12: =Input_Data!D12 | E12: =IF(A12="","",SUM(Input_Data!E12:H12)) | F12: =IF(E12="","",E12/4) | G12: =IF(E12="","",IF(COUNTA($E$2:$E$300)<=1,0,PERCENTRANK.INC($E$2:$E$300,E12))) | H12: =IF(G12="","",1-G12) | I12: =Input_Data!I12 | J12: =IF(I12="","",IF(COUNTA($I$2:$I$300)<=1,0,PERCENTRANK.INC($I$2:$I$300,I12))) | K12: =Input_Data!J12 | L12: =Input_Data!K12 | M12: =Input_Data!L12 | N12: =IF(K12="","",K12-L12) | O12: =IF(A12="","",IF(ABS(M12-N12)<=1,"OK","CHECK")) | P12: =IF(M12="","",IF(F12=0,99,M12/F12)) | Q12: =IF(P12="","",IF(COUNTA($P$2:$P$300)<=1,0,PERCENTRANK.INC($P$2:$P$300,P12))) | R12: =IF(A12="","",0.45*H12+0.35*Q12+0.20*J12) | S12: =IF(G12="","",IF(G12<=0.33,"Low Movement",IF(G12<=0.66,"Medium Movement","High Movement"))) | T12: =IF(R12="","",IF(R12>=0.67,"High Value Bundle",IF(R12>=0.34,"Medium Value Bundle","Low Value Bundle"))) | U12: =IF(A12="","",IF(AND(G12>=0.70,J12>=0.70,M12>0),"Yes","No")) | V12: =IF(A12="","",IF(AND(S12="Low Movement",M12>0,P12>=2),"Yes","No")) | W12: =IF(T12="","",MIN(0.12,IF(T12="High Value Bundle",0.05,IF(T12="Medium Value Bundle",0.07,0.10))+IF(P12>=8,0.02,0))) | X12: =IF(U12="Yes",C12&"|anchor","") | Y12: =IF(U12="Yes",B12,"")
A13: =Input_Data!C13 | B13: =Input_Data!A13 | C13: =Input_Data!B13 | D13: =Input_Data!D13 | E13: =IF(A13="","",SUM(Input_Data!E13:H13)) | F13: =IF(E13="","",E13/4) | G13: =IF(E13="","",IF(COUNTA($E$2:$E$300)<=1,0,PERCENTRANK.INC($E$2:$E$300,E13))) | H13: =IF(G13="","",1-G13) | I13: =Input_Data!I13 | J13: =IF(I13="","",IF(COUNTA($I$2:$I$300)<=1,0,PERCENTRANK.INC($I$2:$I$300,I13))) | K13: =Input_Data!J13 | L13: =Input_Data!K13 | M13: =Input_Data!L13 | N13: =IF(K13="","",K13-L13) | O13: =IF(A13="","",IF(ABS(M13-N13)<=1,"OK","CHECK")) | P13: =IF(M13="","",IF(F13=0,99,M13/F13)) | Q13: =IF(P13="","",IF(COUNTA($P$2:$P$300)<=1,0,PERCENTRANK.INC($P$2:$P$300,P13))) | R13: =IF(A13="","",0.45*H13+0.35*Q13+0.20*J13) | S13: =IF(G13="","",IF(G13<=0.33,"Low Movement",IF(G13<=0.66,"Medium Movement","High Movement"))) | T13: =IF(R13="","",IF(R13>=0.67,"High Value Bundle",IF(R13>=0.34,"Medium Value Bundle","Low Value Bundle"))) | U13: =IF(A13="","",IF(AND(G13>=0.70,J13>=0.70,M13>0),"Yes","No")) | V13: =IF(A13="","",IF(AND(S13="Low Movement",M13>0,P13>=2),"Yes","No")) | W13: =IF(T13="","",MIN(0.12,IF(T13="High Value Bundle",0.05,IF(T13="Medium Value Bundle",0.07,0.10))+IF(P13>=8,0.02,0))) | X13: =IF(U13="Yes",C13&"|anchor","") | Y13: =IF(U13="Yes",B13,"")
... A300: =Input_Data!C300 | B300: =Input_Data!A300 | C300: =Input_Data!B300 | D300: =Input_Data!D300 | E300: =IF(A300="","",SUM(Input_Data!E300:H300)) | F300: =IF(E300="","",E300/4) | G300: =IF(E300="","",IF(COUNTA($E$2:$E$300)<=1,0,PERCENTRANK.INC($E$2:$E$300,E300))) | H300: =IF(G300="","",1-G300) | I300: =Input_Data!I300 | J300: =IF(I300="","",IF(COUNTA($I$2:$I$300)<=1,0,PERCENTRANK.INC($I$2:$I$300,I300))) | K300: =Input_Data!J300 | L300: =Input_Data!K300 | M300: =Input_Data!L300 | N300: =IF(K300="","",K300-L300) | O300: =IF(A300="","",IF(ABS(M300-N300)<=1,"OK","CHECK")) | P300: =IF(M300="","",IF(F300=0,99,M300/F300)) | Q300: =IF(P300="","",IF(COUNTA($P$2:$P$300)<=1,0,PERCENTRANK.INC($P$2:$P$300,P300))) | R300: =IF(A300="","",0.45*H300+0.35*Q300+0.20*J300) | S300: =IF(G300="","",IF(G300<=0.33,"Low Movement",IF(G300<=0.66,"Medium Movement","High Movement"))) | T300: =IF(R300="","",IF(R300>=0.67,"High Value Bundle",IF(R300>=0.34,"Medium Value Bundle","Low Value Bundle"))) | U300: =IF(A300="","",IF(AND(G300>=0.70,J300>=0.70,M300>0),"Yes","No")) | V300: =IF(A300="","",IF(AND(S300="Low Movement",M300>0,P300>=2),"Yes","No")) | W300: =IF(T300="","",MIN(0.12,IF(T300="High Value Bundle",0.05,IF(T300="Medium Value Bundle",0.07,0.10))+IF(P300>=8,0.02,0))) | X300: =IF(U300="Yes",C300&"|anchor","") | Y300: =IF(U300="Yes",B300,"")

Sheet Bundle_Recommendations
A1: bundle_id | B1: product_id | C1: slow_mover_product | D1: category | E1: movement_band | F1: bundle_value_cluster | G1: priority_score | H1: stock_coverage_months | I1: recommended_anchor_product | J1: suggested_discount_% | K1: bundle_structure | L1: action_note
A2: =IF(Scoring_Model!V2<>"Yes","","RB-"&TEXT(COUNTIF(Scoring_Model!$V$2:$V2,"Yes"),"000000")) | B2: =Scoring_Model!A2 | C2: =Scoring_Model!B2 | D2: =Scoring_Model!C2 | E2: =Scoring_Model!S2 | F2: =Scoring_Model!T2 | G2: =Scoring_Model!R2 | H2: =Scoring_Model!P2 | I2: =IF(Scoring_Model!V2<>"Yes","",IFERROR(XLOOKUP(D2&"|anchor",Scoring_Model!$X$2:$X$300,Scoring_Model!$Y$2:$Y$300,INDEX(Scoring_Model!$Y$2:$Y$300,MATCH("Yes",Scoring_Model!$U$2:$U$300,0))),"No anchor found")) | J2: =Scoring_Model!W2 | K2: =IF(Scoring_Model!V2<>"Yes","",IF(F2="High Value Bundle","1 anchor + 1 slow mover",IF(F2="Medium Value Bundle","1 anchor + 2 slow movers","1 anchor + 2 slow movers (aggressive clearout)"))) | L2: =IF(B2="","",IF(Scoring_Model!V2<>"Yes","Not a slow-mover bundle candidate","Bundle to move slow stock with controlled discount"))
A3: =IF(Scoring_Model!V3<>"Yes","","RB-"&TEXT(COUNTIF(Scoring_Model!$V$2:$V3,"Yes"),"000000")) | B3: =Scoring_Model!A3 | C3: =Scoring_Model!B3 | D3: =Scoring_Model!C3 | E3: =Scoring_Model!S3 | F3: =Scoring_Model!T3 | G3: =Scoring_Model!R3 | H3: =Scoring_Model!P3 | I3: =IF(Scoring_Model!V3<>"Yes","",IFERROR(XLOOKUP(D3&"|anchor",Scoring_Model!$X$2:$X$300,Scoring_Model!$Y$2:$Y$300,INDEX(Scoring_Model!$Y$2:$Y$300,MATCH("Yes",Scoring_Model!$U$2:$U$300,0))),"No anchor found")) | J3: =Scoring_Model!W3 | K3: =IF(Scoring_Model!V3<>"Yes","",IF(F3="High Value Bundle","1 anchor + 1 slow mover",IF(F3="Medium Value Bundle","1 anchor + 2 slow movers","1 anchor + 2 slow movers (aggressive clearout)"))) | L3: =IF(B3="","",IF(Scoring_Model!V3<>"Yes","Not a slow-mover bundle candidate","Bundle to move slow stock with controlled discount"))
A4: =IF(Scoring_Model!V4<>"Yes","","RB-"&TEXT(COUNTIF(Scoring_Model!$V$2:$V4,"Yes"),"000000")) | B4: =Scoring_Model!A4 | C4: =Scoring_Model!B4 | D4: =Scoring_Model!C4 | E4: =Scoring_Model!S4 | F4: =Scoring_Model!T4 | G4: =Scoring_Model!R4 | H4: =Scoring_Model!P4 | I4: =IF(Scoring_Model!V4<>"Yes","",IFERROR(XLOOKUP(D4&"|anchor",Scoring_Model!$X$2:$X$300,Scoring_Model!$Y$2:$Y$300,INDEX(Scoring_Model!$Y$2:$Y$300,MATCH("Yes",Scoring_Model!$U$2:$U$300,0))),"No anchor found")) | J4: =Scoring_Model!W4 | K4: =IF(Scoring_Model!V4<>"Yes","",IF(F4="High Value Bundle","1 anchor + 1 slow mover",IF(F4="Medium Value Bundle","1 anchor + 2 slow movers","1 anchor + 2 slow movers (aggressive clearout)"))) | L4: =IF(B4="","",IF(Scoring_Model!V4<>"Yes","Not a slow-mover bundle candidate","Bundle to move slow stock with controlled discount"))
A5: =IF(Scoring_Model!V5<>"Yes","","RB-"&TEXT(COUNTIF(Scoring_Model!$V$2:$V5,"Yes"),"000000")) | B5: =Scoring_Model!A5 | C5: =Scoring_Model!B5 | D5: =Scoring_Model!C5 | E5: =Scoring_Model!S5 | F5: =Scoring_Model!T5 | G5: =Scoring_Model!R5 | H5: =Scoring_Model!P5 | I5: =IF(Scoring_Model!V5<>"Yes","",IFERROR(XLOOKUP(D5&"|anchor",Scoring_Model!$X$2:$X$300,Scoring_Model!$Y$2:$Y$300,INDEX(Scoring_Model!$Y$2:$Y$300,MATCH("Yes",Scoring_Model!$U$2:$U$300,0))),"No anchor found")) | J5: =Scoring_Model!W5 | K5: =IF(Scoring_Model!V5<>"Yes","",IF(F5="High Value Bundle","1 anchor + 1 slow mover",IF(F5="Medium Value Bundle","1 anchor + 2 slow movers","1 anchor + 2 slow movers (aggressive clearout)"))) | L5: =IF(B5="","",IF(Scoring_Model!V5<>"Yes","Not a slow-mover bundle candidate","Bundle to move slow stock with controlled discount"))
A6: =IF(Scoring_Model!V6<>"Yes","","RB-"&TEXT(COUNTIF(Scoring_Model!$V$2:$V6,"Yes"),"000000")) | B6: =Scoring_Model!A6 | C6: =Scoring_Model!B6 | D6: =Scoring_Model!C6 | E6: =Scoring_Model!S6 | F6: =Scoring_Model!T6 | G6: =Scoring_Model!R6 | H6: =Scoring_Model!P6 | I6: =IF(Scoring_Model!V6<>"Yes","",IFERROR(XLOOKUP(D6&"|anchor",Scoring_Model!$X$2:$X$300,Scoring_Model!$Y$2:$Y$300,INDEX(Scoring_Model!$Y$2:$Y$300,MATCH("Yes",Scoring_Model!$U$2:$U$300,0))),"No anchor found")) | J6: =Scoring_Model!W6 | K6: =IF(Scoring_Model!V6<>"Yes","",IF(F6="High Value Bundle","1 anchor + 1 slow mover",IF(F6="Medium Value Bundle","1 anchor + 2 slow movers","1 anchor + 2 slow movers (aggressive clearout)"))) | L6: =IF(B6="","",IF(Scoring_Model!V6<>"Yes","Not a slow-mover bundle candidate","Bundle to move slow stock with controlled discount"))
A7: =IF(Scoring_Model!V7<>"Yes","","RB-"&TEXT(COUNTIF(Scoring_Model!$V$2:$V7,"Yes"),"000000")) | B7: =Scoring_Model!A7 | C7: =Scoring_Model!B7 | D7: =Scoring_Model!C7 | E7: =Scoring_Model!S7 | F7: =Scoring_Model!T7 | G7: =Scoring_Model!R7 | H7: =Scoring_Model!P7 | I7: =IF(Scoring_Model!V7<>"Yes","",IFERROR(XLOOKUP(D7&"|anchor",Scoring_Model!$X$2:$X$300,Scoring_Model!$Y$2:$Y$300,INDEX(Scoring_Model!$Y$2:$Y$300,MATCH("Yes",Scoring_Model!$U$2:$U$300,0))),"No anchor found")) | J7: =Scoring_Model!W7 | K7: =IF(Scoring_Model!V7<>"Yes","",IF(F7="High Value Bundle","1 anchor + 1 slow mover",IF(F7="Medium Value Bundle","1 anchor + 2 slow movers","1 anchor + 2 slow movers (aggressive clearout)"))) | L7: =IF(B7="","",IF(Scoring_Model!V7<>"Yes","Not a slow-mover bundle candidate","Bundle to move slow stock with controlled discount"))
A8: =IF(Scoring_Model!V8<>"Yes","","RB-"&TEXT(COUNTIF(Scoring_Model!$V$2:$V8,"Yes"),"000000")) | B8: =Scoring_Model!A8 | C8: =Scoring_Model!B8 | D8: =Scoring_Model!C8 | E8: =Scoring_Model!S8 | F8: =Scoring_Model!T8 | G8: =Scoring_Model!R8 | H8: =Scoring_Model!P8 | I8: =IF(Scoring_Model!V8<>"Yes","",IFERROR(XLOOKUP(D8&"|anchor",Scoring_Model!$X$2:$X$300,Scoring_Model!$Y$2:$Y$300,INDEX(Scoring_Model!$Y$2:$Y$300,MATCH("Yes",Scoring_Model!$U$2:$U$300,0))),"No anchor found")) | J8: =Scoring_Model!W8 | K8: =IF(Scoring_Model!V8<>"Yes","",IF(F8="High Value Bundle","1 anchor + 1 slow mover",IF(F8="Medium Value Bundle","1 anchor + 2 slow movers","1 anchor + 2 slow movers (aggressive clearout)"))) | L8: =IF(B8="","",IF(Scoring_Model!V8<>"Yes","Not a slow-mover bundle candidate","Bundle to move slow stock with controlled discount"))
A9: =IF(Scoring_Model!V9<>"Yes","","RB-"&TEXT(COUNTIF(Scoring_Model!$V$2:$V9,"Yes"),"000000")) | B9: =Scoring_Model!A9 | C9: =Scoring_Model!B9 | D9: =Scoring_Model!C9 | E9: =Scoring_Model!S9 | F9: =Scoring_Model!T9 | G9: =Scoring_Model!R9 | H9: =Scoring_Model!P9 | I9: =IF(Scoring_Model!V9<>"Yes","",IFERROR(XLOOKUP(D9&"|anchor",Scoring_Model!$X$2:$X$300,Scoring_Model!$Y$2:$Y$300,INDEX(Scoring_Model!$Y$2:$Y$300,MATCH("Yes",Scoring_Model!$U$2:$U$300,0))),"No anchor found")) | J9: =Scoring_Model!W9 | K9: =IF(Scoring_Model!V9<>"Yes","",IF(F9="High Value Bundle","1 anchor + 1 slow mover",IF(F9="Medium Value Bundle","1 anchor + 2 slow movers","1 anchor + 2 slow movers (aggressive clearout)"))) | L9: =IF(B9="","",IF(Scoring_Model!V9<>"Yes","Not a slow-mover bundle candidate","Bundle to move slow stock with controlled discount"))
A10: =IF(Scoring_Model!V10<>"Yes","","RB-"&TEXT(COUNTIF(Scoring_Model!$V$2:$V10,"Yes"),"000000")) | B10: =Scoring_Model!A10 | C10: =Scoring_Model!B10 | D10: =Scoring_Model!C10 | E10: =Scoring_Model!S10 | F10: =Scoring_Model!T10 | G10: =Scoring_Model!R10 | H10: =Scoring_Model!P10 | I10: =IF(Scoring_Model!V10<>"Yes","",IFERROR(XLOOKUP(D10&"|anchor",Scoring_Model!$X$2:$X$300,Scoring_Model!$Y$2:$Y$300,INDEX(Scoring_Model!$Y$2:$Y$300,MATCH("Yes",Scoring_Model!$U$2:$U$300,0))),"No anchor found")) | J10: =Scoring_Model!W10 | K10: =IF(Scoring_Model!V10<>"Yes","",IF(F10="High Value Bundle","1 anchor + 1 slow mover",IF(F10="Medium Value Bundle","1 anchor + 2 slow movers","1 anchor + 2 slow movers (aggressive clearout)"))) | L10: =IF(B10="","",IF(Scoring_Model!V10<>"Yes","Not a slow-mover bundle candidate","Bundle to move slow stock with controlled discount"))
A11: =IF(Scoring_Model!V11<>"Yes","","RB-"&TEXT(COUNTIF(Scoring_Model!$V$2:$V11,"Yes"),"000000")) | B11: =Scoring_Model!A11 | C11: =Scoring_Model!B11 | D11: =Scoring_Model!C11 | E11: =Scoring_Model!S11 | F11: =Scoring_Model!T11 | G11: =Scoring_Model!R11 | H11: =Scoring_Model!P11 | I11: =IF(Scoring_Model!V11<>"Yes","",IFERROR(XLOOKUP(D11&"|anchor",Scoring_Model!$X$2:$X$300,Scoring_Model!$Y$2:$Y$300,INDEX(Scoring_Model!$Y$2:$Y$300,MATCH("Yes",Scoring_Model!$U$2:$U$300,0))),"No anchor found")) | J11: =Scoring_Model!W11 | K11: =IF(Scoring_Model!V11<>"Yes","",IF(F11="High Value Bundle","1 anchor + 1 slow mover",IF(F11="Medium Value Bundle","1 anchor + 2 slow movers","1 anchor + 2 slow movers (aggressive clearout)"))) | L11: =IF(B11="","",IF(Scoring_Model!V11<>"Yes","Not a slow-mover bundle candidate","Bundle to move slow stock with controlled discount"))
A12: =IF(Scoring_Model!V12<>"Yes","","RB-"&TEXT(COUNTIF(Scoring_Model!$V$2:$V12,"Yes"),"000000")) | B12: =Scoring_Model!A12 | C12: =Scoring_Model!B12 | D12: =Scoring_Model!C12 | E12: =Scoring_Model!S12 | F12: =Scoring_Model!T12 | G12: =Scoring_Model!R12 | H12: =Scoring_Model!P12 | I12: =IF(Scoring_Model!V12<>"Yes","",IFERROR(XLOOKUP(D12&"|anchor",Scoring_Model!$X$2:$X$300,Scoring_Model!$Y$2:$Y$300,INDEX(Scoring_Model!$Y$2:$Y$300,MATCH("Yes",Scoring_Model!$U$2:$U$300,0))),"No anchor found")) | J12: =Scoring_Model!W12 | K12: =IF(Scoring_Model!V12<>"Yes","",IF(F12="High Value Bundle","1 anchor + 1 slow mover",IF(F12="Medium Value Bundle","1 anchor + 2 slow movers","1 anchor + 2 slow movers (aggressive clearout)"))) | L12: =IF(B12="","",IF(Scoring_Model!V12<>"Yes","Not a slow-mover bundle candidate","Bundle to move slow stock with controlled discount"))
A13: =IF(Scoring_Model!V13<>"Yes","","RB-"&TEXT(COUNTIF(Scoring_Model!$V$2:$V13,"Yes"),"000000")) | B13: =Scoring_Model!A13 | C13: =Scoring_Model!B13 | D13: =Scoring_Model!C13 | E13: =Scoring_Model!S13 | F13: =Scoring_Model!T13 | G13: =Scoring_Model!R13 | H13: =Scoring_Model!P13 | I13: =IF(Scoring_Model!V13<>"Yes","",IFERROR(XLOOKUP(D13&"|anchor",Scoring_Model!$X$2:$X$300,Scoring_Model!$Y$2:$Y$300,INDEX(Scoring_Model!$Y$2:$Y$300,MATCH("Yes",Scoring_Model!$U$2:$U$300,0))),"No anchor found")) | J13: =Scoring_Model!W13 | K13: =IF(Scoring_Model!V13<>"Yes","",IF(F13="High Value Bundle","1 anchor + 1 slow mover",IF(F13="Medium Value Bundle","1 anchor + 2 slow movers","1 anchor + 2 slow movers (aggressive clearout)"))) | L13: =IF(B13="","",IF(Scoring_Model!V13<>"Yes","Not a slow-mover bundle candidate","Bundle to move slow stock with controlled discount"))
... A300: =IF(Scoring_Model!V300<>"Yes","","RB-"&TEXT(COUNTIF(Scoring_Model!$V$2:$V300,"Yes"),"000000")) | B300: =Scoring_Model!A300 | C300: =Scoring_Model!B300 | D300: =Scoring_Model!C300 | E300: =Scoring_Model!S300 | F300: =Scoring_Model!T300 | G300: =Scoring_Model!R300 | H300: =Scoring_Model!P300 | I300: =IF(Scoring_Model!V300<>"Yes","",IFERROR(XLOOKUP(D300&"|anchor",Scoring_Model!$X$2:$X$300,Scoring_Model!$Y$2:$Y$300,INDEX(Scoring_Model!$Y$2:$Y$300,MATCH("Yes",Scoring_Model!$U$2:$U$300,0))),"No anchor found")) | J300: =Scoring_Model!W300 | K300: =IF(Scoring_Model!V300<>"Yes","",IF(F300="High Value Bundle","1 anchor + 1 slow mover",IF(F300="Medium Value Bundle","1 anchor + 2 slow movers","1 anchor + 2 slow movers (aggressive clearout)"))) | L300: =IF(B300="","",IF(Scoring_Model!V300<>"Yes","Not a slow-mover bundle candidate","Bundle to move slow stock with controlled discount"))

Sheet All_Possible_Bundles
A1: bundle_id | B1: bundle_size | C1: anchor_product_id | D1: anchor_product_name | E1: item_2_product_id | F1: item_2_product_name | G1: item_3_product_id | H1: item_3_product_name | I1: category_mix | J1: bundle_priority_score | K1: suggested_discount_% | L1: reason
A2: B-000001 | B2: 2 | C2: P-2002 | D2: Sea Salt Crackers | E2: P-3001 | F2: Aloe Vera Gel 250ml | I2: Cross Category | J2: 0.85 | K2: 0.07 | L2: Moves one medium/slow mover using one strong anchor
A3: B-000002 | B3: 3 | C3: P-2002 | D3: Sea Salt Crackers | E3: P-3001 | F3: Aloe Vera Gel 250ml | G3: P-2001 | H3: Dry Fruit Mix 200g | I3: Mixed Category | J3: 0.7875 | K3: 0.09 | L3: Moves two medium/slow movers with one strong anchor
A4: B-000003 | B4: 2 | C4: P-2002 | D4: Sea Salt Crackers | E4: P-2001 | F4: Dry Fruit Mix 200g | I4: Same Category | J4: 0.7375 | K4: 0.09 | L4: Moves one medium/slow mover using one strong anchor
A5: B-000004 | B5: 3 | C5: P-2002 | D5: Sea Salt Crackers | E5: P-3001 | F5: Aloe Vera Gel 250ml | G5: P-1002 | H5: Premium Coffee Beans 1kg | I5: Mixed Category | J5: 0.735 | K5: 0.07 | L5: Moves two medium/slow movers with one strong anchor
A6: B-000005 | B6: 3 | C6: P-2002 | D6: Sea Salt Crackers | E6: P-2001 | F6: Dry Fruit Mix 200g | G6: P-1002 | H6: Premium Coffee Beans 1kg | I6: Mixed Category | J6: 0.6675 | K6: 0.09 | L6: Moves two medium/slow movers with one strong anchor
A7: B-000006 | B7: 3 | C7: P-2002 | D7: Sea Salt Crackers | E7: P-3001 | F7: Aloe Vera Gel 250ml | G7: P-1001 | H7: Sparkling Water 330ml | I7: Mixed Category | J7: 0.651875 | K7: 0.1 | L7: Moves two medium/slow movers with one strong anchor
A8: B-000007 | B8: 2 | C8: P-2002 | D8: Sea Salt Crackers | E8: P-1002 | F8: Premium Coffee Beans 1kg | I8: Cross Category | J8: 0.625 | K8: 0.07 | L8: Moves one medium/slow mover using one strong anchor
A9: B-000008 | B9: 3 | C9: P-2002 | D9: Sea Salt Crackers | E9: P-2001 | F9: Dry Fruit Mix 200g | G9: P-1001 | H9: Sparkling Water 330ml | I9: Mixed Category | J9: 0.584375 | K9: 0.1 | L9: Moves two medium/slow movers with one strong anchor
A10: B-000009 | B10: 3 | C10: P-2002 | D10: Sea Salt Crackers | E10: P-1002 | F10: Premium Coffee Beans 1kg | G10: P-1001 | H10: Sparkling Water 330ml | I10: Mixed Category | J10: 0.516875 | K10: 0.1 | L10: Moves two medium/slow movers with one strong anchor
A11: B-000010 | B11: 2 | C11: P-2002 | D11: Sea Salt Crackers | E11: P-1001 | F11: Sparkling Water 330ml | I11: Cross Category | J11: 0.446875 | K11: 0.1 | L11: Moves one medium/slow mover using one strong anchor

Sheet Logic
A1: Bundle logic used in this workbook
A3: 1) Input columns follow your exact dataset: clean_product_name, category, product_id, purchased_item_count, purchased_qty_m1..m4, cont_from_total, stock, reserved_stock, available_stock.
A4: 2) sold_qty_last_4m = SUM(purchased_qty_m1:purchased_qty_m4). Current month is intentionally excluded.
A5: 3) Movement_Percentile ranks sold_qty_last_4m (0 = slowest mover, 1 = fastest mover).
A6: 4) Slow_Mover_Score = 1 - Movement_Percentile (higher means slower mover, more urgent for bundling).
A7: 5) Stock coverage = available_stock / avg_monthly_qty_4m. Higher coverage means higher stock pressure.
A8: 6) Stock_Pressure_Percentile ranks stock_coverage_months to prioritize overstocked slow movers.
A9: 7) Bundle_Priority_Score = 0.45*Slow_Mover_Score + 0.35*Stock_Pressure_Percentile + 0.20*Contribution_Percentile.
A10: 8) Bundle clusters from Bundle_Priority_Score:
A11: - High Value Bundle: score >= 0.67
A12: - Medium Value Bundle: 0.34 <= score < 0.67
A13: - Low Value Bundle: score < 0.34
... A23: 14) Use generate_all_possible_bundles.py to produce all bundle combinations up to 3 products.

Sheet Top_15_Bundles
A1: bundle_id | B1: bundle_size | C1: anchor_product_id | D1: anchor_product_name | E1: item_2_product_id | F1: item_2_product_name | G1: item_3_product_id | H1: item_3_product_name | I1: category_mix | J1: bundle_priority_score | K1: suggested_discount_% | L1: reason
A2: B-000001 | B2: 2 | C2: P-2002 | D2: Sea Salt Crackers | E2: P-3001 | F2: Aloe Vera Gel 250ml | I2: Cross Category | J2: 0.85 | K2: 0.07 | L2: Moves one medium/slow mover using one strong anchor
A3: B-000002 | B3: 3 | C3: P-2002 | D3: Sea Salt Crackers | E3: P-3001 | F3: Aloe Vera Gel 250ml | G3: P-2001 | H3: Dry Fruit Mix 200g | I3: Mixed Category | J3: 0.7875 | K3: 0.09 | L3: Moves two medium/slow movers with one strong anchor
A4: B-000003 | B4: 2 | C4: P-2002 | D4: Sea Salt Crackers | E4: P-2001 | F4: Dry Fruit Mix 200g | I4: Same Category | J4: 0.7375 | K4: 0.09 | L4: Moves one medium/slow mover using one strong anchor
A5: B-000004 | B5: 3 | C5: P-2002 | D5: Sea Salt Crackers | E5: P-3001 | F5: Aloe Vera Gel 250ml | G5: P-1002 | H5: Premium Coffee Beans 1kg | I5: Mixed Category | J5: 0.735 | K5: 0.07 | L5: Moves two medium/slow movers with one strong anchor
A6: B-000005 | B6: 3 | C6: P-2002 | D6: Sea Salt Crackers | E6: P-2001 | F6: Dry Fruit Mix 200g | G6: P-1002 | H6: Premium Coffee Beans 1kg | I6: Mixed Category | J6: 0.6675 | K6: 0.09 | L6: Moves two medium/slow movers with one strong anchor
A7: B-000006 | B7: 3 | C7: P-2002 | D7: Sea Salt Crackers | E7: P-3001 | F7: Aloe Vera Gel 250ml | G7: P-1001 | H7: Sparkling Water 330ml | I7: Mixed Category | J7: 0.651875 | K7: 0.1 | L7: Moves two medium/slow movers with one strong anchor
A8: B-000007 | B8: 2 | C8: P-2002 | D8: Sea Salt Crackers | E8: P-1002 | F8: Premium Coffee Beans 1kg | I8: Cross Category | J8: 0.625 | K8: 0.07 | L8: Moves one medium/slow mover using one strong anchor
A9: B-000008 | B9: 3 | C9: P-2002 | D9: Sea Salt Crackers | E9: P-2001 | F9: Dry Fruit Mix 200g | G9: P-1001 | H9: Sparkling Water 330ml | I9: Mixed Category | J9: 0.584375 | K9: 0.1 | L9: Moves two medium/slow movers with one strong anchor
A10: B-000009 | B10: 3 | C10: P-2002 | D10: Sea Salt Crackers | E10: P-1002 | F10: Premium Coffee Beans 1kg | G10: P-1001 | H10: Sparkling Water 330ml | I10: Mixed Category | J10: 0.516875 | K10: 0.1 | L10: Moves two medium/slow movers with one strong anchor
A11: B-000010 | B11: 2 | C11: P-2002 | D11: Sea Salt Crackers | E11: P-1001 | F11: Sparkling Water 330ml | I11: Cross Category | J11: 0.446875 | K11: 0.1 | L11: Moves one medium/slow mover using one strong anchor
